Project name:,My favorite gene,,,
,,,,
Template construct,,,,
Sequence:,TGCATAACCACTTTAACTAATACTTTCAACATTTTCGGTTTGTATTACTTCTTATTCAAATGTAATAAAAGTATCAACAAAAAATTGTTAATATACCTCTATACTTTAACGTCAAGGAGAAAAAACCCCGGATTCTAGAACTAGTGGATCCCCCATCACAAGTTTGTACAAAAAAGTTGGCATGGAGACCCCGTCCCAGCGGCGCGCCACCCGCAGCGGGGCGCAGGCCAGCTCCACTCCGCTGTCGCCCACCCGCATCACCCGGCTGCAGGAGAAGGAGGACCTGCAGGAGCTCAATGATCGCTTGGCGGTCTACATCGACCGTGTGCGCTCGCTGGAAACGGAGAACGCAGGGCTGCGCCTTCGCATCACCGAGTCTGAAGAGGTGGTCAGCCGCGAGGTGTCCGGCATCAAGGCCGCCTACGAGGCCGAGCTCGGGGATGCCCGCAAGACCCTTGACTCAGTAGCCAAGGAGCGCGCCCGCCTGCAGCTGGAGCTGAGCAAAGTGCGTGAGGAGTTTAAGGAGCTGAAAGCGCGCAATACCAAGAAGGAGGGTGACCTGATAGCTGCTCAGGCTCGGCTGAAGGACCTGGAGGCTCTGCTGAACTCCAAGGAGGCCGCACTGAGCACTGCTCTCAGTGAGAAGCGCACGCTGGAGGGCGAGCTGCATGATCTGCGGGGCCAGGTGGCCAAGCTTGAGGCAGCCCTAGGTGAGGCCAAGAAGCAACTTCAGGATGAGATGCTGCGGCGGGTGGATGCTGAGAACAGGCTGCAGACCATGAAGGAGGAACTGGACTTCCAGAAGAACATCTACAGTGAGGAGCTGCGTGAGACCAAGCGCCGTCATGAGACCCGACTGGTGGAGATTGACAATGGGAAGCAGCGTGAGTTTGAGAGCCGGCTGGCGGATGCGCTGCAGGAACTGCGGGCCCAGCATGAGGACCAGGTGGAGCAGTATAAGAAGGAGCTGGAGAAGACTTATTCTGCCAAGCTGGACAATGCCAGGCAGTCTGCTGAGAGGAACAGCAACCTGGTGGGGGCTGCCCACGAGGAGCTGCAGCAGTCGCGCATCCGCATCGACAGCCTCTCTGCCCAGCTCAGCCAGCTCCAGAAGCAGCTGGCAGCCAAGGAGGCGAAGCTTCGAGACCTGGAGGACTCACTGGCCCGTGAGCGGGACACCAGCCGGCGGCTGCTGGCGGAAAAGGAGCGGGAGATGGCCGAGATGCGGGCAAGGATGCAGCAGCAGCTGGACGAGTACCAGGAGCTTCTGGACATCAAGCTGGCCCTGGACATGGAGATCCACGCCTACCGCAAGCTCTTGGAGGGCGAGGAGGAGAGGCTACGCCTGTCCCCCAGCCCTACCTCGCAGCGCAGCCGTGGCCGTGCTTCCTCTCACTCATCCCAGACACAGGGTGGGGGCAGCGTCACCAAAAAGCGCAAACTGGAGTCCACTGAGAGCCGCAGCAGCTTCTCACAGCACGCACGCACTAGCGGGCGCGTGGCCGTGGAGGAGGTGGATGAGGAGGGCAAGTTTGTCCGGCTGCGCAACAAGTCCAATGAGGACCAGTCCATGGGCAATTGGCAGATCAAGCGCCAGAATGGAGATGATCCCTTGCTGACTTACCGGTTCCCACCAAAGTTCACCCTGAAGGCTGGGCAGGTGGTGACGATCTGGGCTGCAGGAGCTGGGGCCACCCACAGCCCCCCTACCGACCTGGTGTGGAAGGCACAGAACACCTGGGGCTGCGGGAACAGCCTGCGTACGGCTCTCATCAACTCCACTGGGGAAGAAGTGGCCATGCGCAAGCTGGTGCGCTCAGTGACTGTGGTTGAGGACGACGAGGATGAGGATGGAGATGACCTGCTCCATCACCACCACGGCTCCCACTGCAGCAGCTCGGGGGACCCCGCTGAGTACAACCTGCGCTCGCGCACCGTGCTGTGCGGGACCTGCGGGCAGCCTGCCGACAAGGCATCTGCCAGCGGCTCAGGAGCCCAGGTGGGCGGACCCATCTCCTCTGGCTCTTCTGCCTCCAGTGTCACGGTCACTCGCAGCTACCGCAGTGTGGGGGGCAGTGGGGGTGGCAGCTTCGGGGACAATCTGGTCACCCGCTCCTACCTCCTGGGCAACTCCAGCCCCCGAACCCAGAGCCCCCAGAACTGCAGCATCATGTAGCCAACTTTCTTGTACAAAGTGGTTTGATGGCCGCTAAGTAAGTAAGACGTCGAGCTCTAAGTAAGTAACGGCCGCCACCGCGGTGGAGCTTTGGACTTACACATCCGCTCTAACCGAAAAGGAAGGAGTTAGACAACCTGAAGTCTAGGTCCCTATTTATTTTTTTATAGTTATGTTAGTATTAAGAACGTTATTTATATTTCAAATTTTTCTTTTTTTTCTGTACAGACGCGTGTACGCATGTAACATTATACTGAAAACCTTGCTTGAGAAGGTTTTGGGACGCTCGAAGGCTTTAATTTGCGGCCGGTACCCAATTCGCCCTATAGTGAGTCGTATTACGCGCGCTCACTGGCCGTCGTTTTACAACGTCGTGACTGGGAAAACCCTGGCGTTACCCAACTTAATCGCCTTGCAGCACATCCCCCTTTCGCCAGCTGGCGTAATAGCGAAGAGGCCCGCACCGATCGCCCTTCCCAACAGTTGCGC,,,
CDS start:,55,,,
CDS end:,2754,,,
,,,,
Conditions and replicates,,,,
List of conditions:,nonselect,select,wt_select,wt_nonselect
Number of Replicates:,2,,,
Number of time points:,1,,,
,,,,
Mutagenesis Regions,,,,
Region Number,Start AA,End AA,,
1,2,300,,
2,301,600,,
3,601,900,,
,,,,
Sequencing Tiles,,,,
Tile Number,Start AA,End AA,,
1,2,150,,
2,151,300,,
3,301,450,,
4,451,600,,
5,601,750,,
6,751,900,,
,,,,
,,,,
Condition definitions,,,,
Condition 1,Relationship,Condition 2,,
select,is_selection_for,nonselect,,
wt_select,is_wt_control_for,select,,
wt_nonselect,is_wt_control_for,nonselect,,
,,,,
Time point definitions,,,,
Time point name,Time,Unit,,
1,0,h,,
,,,,
Sequencing samples,,,,
Sample ID,Tile ID,Condition,Time point,Replicate
37,1,nonselect,1,1
38,2,nonselect,1,2
39,3,nonselect,1,1
40,4,nonselect,1,2
41,5,nonselect,1,1
42,6,nonselect,1,2
43,1,select,1,1
44,2,select,1,2
45,3,select,1,1
46,4,select,1,2
47,5,select,1,1
48,6,select,1,2
49,1,wt_select,1,1
50,2,wt_select,1,2
51,3,wt_select,1,1
52,4,wt_select,1,2
53,5,wt_select,1,1
54,6,wt_select,1,2
55,1,wt_nonselect,1,1
56,2,wt_nonselect,1,2
57,3,wt_nonselect,1,1
58,4,wt_nonselect,1,2
59,5,wt_nonselect,1,1
60,6,wt_nonselect,1,2